--
-- Volcado de datos para la tabla `modelo`
--

-- INSERT INTO `modelo` (`id`, `marca_id`, `descripcion`, `created_at`, `updated_at`, `created_by`, `updated_by`) VALUES
-- (1, 1, 'Inspiron', '2017-06-21 22:04:20', '0000-00-00 00:00:00', 1, 0),
-- (2, 3, 'Celeron', '2017-06-22 01:44:38', '0000-00-00 00:00:00', 1, 0),
-- (4, 15, 'inalambrico', '2017-07-13 18:12:54', '0000-00-00 00:00:00', 6, 0),
-- (5, 16, 'Alambrico', '2017-07-13 18:13:04', '0000-00-00 00:00:00', 6, 0),
-- (6, 19, '8 Gb', '2017-07-13 20:23:22', '0000-00-00 00:00:00', 6, 0),
-- (7, 18, '128 Gb', '2017-07-13 20:23:50', '0000-00-00 00:00:00', 6, 0),
-- (8, 20, '16 Gb', '2017-07-13 20:24:24', '0000-00-00 00:00:00', 6, 0),
-- (9, 8, '1 Tb', '2017-07-13 20:30:05', '0000-00-00 00:00:00', 6, 0),
-- (10, 8, 'Satellite L855', '2017-06-21 22:04:20', '2017-06-21 22:04:20', 1, 0),
-- (11, 8, 'Satellite L850', '2017-06-21 22:04:20', '0000-00-00 00:00:01', 1, 0),
-- (12, 1, 'Inspiron 5537', '2017-06-21 22:04:20', '0000-00-00 00:00:02', 1, 0),
-- (13, 1, 'Dell XPS L502X', '2017-06-21 22:04:20', '0000-00-00 00:00:03', 1, 0),
-- (14, 1, 'Inspiron 5520', '2017-06-21 22:04:20', '0000-00-00 00:00:04', 1, 0),
-- (15, 2, ' pavilion DV6', '2017-06-21 22:04:20', '0000-00-00 00:00:05', 1, 0),
-- (16, 2, ' Notebook 15', '2017-06-21 22:04:20', '0000-00-00 00:00:06', 1, 0),
-- (17, 26, 'Clon', '2017-06-21 22:04:20', '0000-00-00 00:00:07', 1, 0),
-- (18, 8, 'Satellite L645 D', '2017-06-21 22:04:20', '0000-00-00 00:00:08', 1, 0),
-- (19, 1, 'Inspiron N7110', '2017-06-21 22:04:20', '0000-00-00 00:00:09', 1, 0),
-- (20, 8, 'Satellite P755', '2017-06-21 22:04:20', '0000-00-00 00:00:10', 1, 0),
-- (21, 2, 'Pavilion G4', '2017-06-21 22:04:20', '0000-00-00 00:00:11', 1, 0),
-- (22, 25, 'K52F', '2017-06-21 22:04:20', '0000-00-00 00:00:12', 1, 0),
-- (23, 25, 'K52JT', '2017-06-21 22:04:20', '0000-00-00 00:00:13', 1, 0),
-- (24, 14, '1024DRU', '2017-06-21 22:04:20', '0000-00-00 00:00:14', 1, 0),
-- (25, 1, 'Inspiron 5110', '2017-06-21 22:04:20', '0000-00-00 00:00:15', 1, 0);


--
-- Volcado de datos para la tabla `periferico`
--

INSERT INTO `periferico` (`id`, `nombre`, `tipo_periferico_id`, `marca_id`, `modelo_id`, `serial`, `estado_id`, `usuario_id`, `created_at`, `updated_at`, `created_by`, `updated_by`) VALUES
(4, 'Mouse', 1, 9, 4, '1204004652', 1, 33, '2017-07-13 15:11:13', '2017-07-13 14:16:01', 6, 6),
(5, 'Mouse', 1, 9, 5, 'X822087', 1, 38, '2017-07-13 15:14:39', '2017-07-13 14:15:52', 6, 6),
(6, 'Mouse', 1, 9, 4, '610300537395/X874958-009', 1, 32, '2017-07-13 15:18:10', '2017-07-13 14:15:38', 6, 6),
(7, 'Mouse', 1, 11, 5, 'WZ8DLFAM800', 1, 35, '2017-07-13 15:19:16', '2017-07-13 14:15:26', 6, 6),
(8, 'Mouse', 1, 12, 4, '810-001550', 1, 36, '2017-07-13 15:20:53', '2017-07-13 14:13:49', 6, 6),
(9, 'Mouse', 1, 9, 4, 'X874958-002 061035233523353679201334', 1, 31, '2017-07-13 15:21:38', '2017-07-13 14:16:08', 6, 6),
(10, 'Mouse', 1, 9, 4, 'X73040300961', 1, 34, '2017-07-13 18:18:04', '2017-06-21 22:04:20', 6, 0),
(11, 'Mouse', 1, 13, 4, '3200261256967', 1, 11, '2017-07-13 18:25:42', '0000-00-00 00:00:00', 6, 0),
(12, 'Mouse', 1, 10, 4, '3760A-00030', 1, 17, '2017-07-13 18:26:18', '0000-00-00 00:00:00', 6, 0),
(13, 'Mouse', 1, 9, 5, 'sin comentarios', 1, 15, '2017-07-13 18:26:55', '0000-00-00 00:00:00', 6, 0),
(14, 'Mouse', 1, 9, 5, '204606561900.', 5, 48, '2017-07-13 18:46:22', '2017-07-13 16:19:24', 6, 6),
(15, 'Mouse', 1, 9, 5, '264648656190361000', 1, 16, '2017-07-13 18:47:12', '2017-07-13 16:19:39', 6, 6),
(16, 'Mouse', 1, 9, 5, '204606561889', 1, 13, '2017-07-13 18:48:10', '0000-00-00 00:00:00', 6, 0),
(17, 'Mouse', 1, 10, 4, '3760A-00030.', 1, 14, '2017-07-13 18:49:05', '0000-00-00 00:00:00', 6, 0),
(18, 'Mouse', 1, 17, 5, 'AX80529204814', 1, 12, '2017-07-13 18:50:19', '0000-00-00 00:00:00', 6, 0),
(19, 'Mouse', 1, 9, 4, 'X821325-002', 5, 48, '2017-07-13 18:53:33', '2017-07-13 16:20:47', 6, 6),
(20, 'Mouse', 1, 9, 4, 'X874968-009', 1, 39, '2017-07-13 18:54:52', '0000-00-00 00:00:00', 6, 0),
(21, 'Mouse', 1, 9, 4, 'X874958009', 1, 3, '2017-07-13 18:55:15', '0000-00-00 00:00:00', 6, 0),
(22, 'Mouse', 1, 14, 5, '440222', 1, 23, '2017-07-13 18:55:55', '0000-00-00 00:00:00', 6, 0),
(23, 'Mouse', 1, 9, 5, '204606127890', 1, 24, '2017-07-13 18:56:22', '0000-00-00 00:00:00', 6, 0),
(24, 'Mouse', 1, 9, 5, '204606561902', 1, 25, '2017-07-13 18:56:49', '0000-00-00 00:00:00', 6, 0),
(25, 'Mouse', 1, 12, 4, 'L2040A9', 1, 7, '2017-07-13 18:58:22', '0000-00-00 00:00:00', 6, 0),
(26, 'Mouse', 1, 9, 5, 'X822087-001/modelo 1484', 1, 8, '2017-07-13 18:58:58', '0000-00-00 00:00:00', 6, 0),
(27, 'Mouse', 1, 17, 5, 'YB17C1040517', 1, 9, '2017-07-13 19:00:02', '0000-00-00 00:00:00', 6, 0),
(28, 'Mouse', 1, 9, 5, '352701145286', 1, 20, '2017-07-13 19:00:42', '0000-00-00 00:00:00', 6, 0),
(29, 'Mouse', 1, 9, 5, '204606561901', 1, 21, '2017-07-13 19:01:18', '0000-00-00 00:00:00', 6, 0),
(30, 'Mouse', 1, 9, 5, 'X821909-003', 1, 30, '2017-07-13 19:01:51', '2017-07-13 16:13:34', 6, 6),
(31, 'Mouse', 1, 9, 4, 'X874958-002/06103-523-3536961-01334', 1, 29, '2017-07-13 20:08:47', '0000-00-00 00:00:00', 6, 0),
(32, 'Mouse', 1, 9, 5, '03527-486-1452896-11319', 1, 27, '2017-07-13 20:09:27', '0000-00-00 00:00:00', 6, 0),
(33, 'Mouse', 1, 9, 5, '822087/03527', 1, 28, '2017-07-13 20:09:58', '0000-00-00 00:00:00', 6, 0),
(34, 'Mouse', 1, 10, 5, '1204004750', 4, 40, '2017-07-13 20:10:32', '2017-07-14 15:25:19', 6, 6),
(35, 'Mouse', 1, 10, 5, '1301007988', 1, 22, '2017-07-13 20:10:58', '0000-00-00 00:00:00', 6, 0),
(36, 'Mouse', 1, 9, 5, '352701145282', 1, 6, '2017-07-13 20:11:17', '0000-00-00 00:00:00', 6, 0),
(37, 'Mouse', 1, 14, 5, '4439062', 1, 45, '2017-07-13 20:12:05', '0000-00-00 00:00:00', 6, 0),
(38, 'Mouse', 1, 17, 5, '161263102510', 1, 43, '2017-07-13 20:12:47', '0000-00-00 00:00:00', 6, 0),
(39, 'Mouse', 1, 9, 5, '1405', 1, 44, '2017-07-13 20:13:13', '0000-00-00 00:00:00', 6, 0),
(40, 'Mouse', 1, 9, 5, 'X821909-003.', 1, 46, '2017-07-13 20:14:37', '0000-00-00 00:00:00', 6, 0),
(41, 'Mouse', 1, 9, 5, 'X821909-001', 1, 48, '2017-07-13 20:15:24', '0000-00-00 00:00:00', 6, 0),
(42, 'Mouse', 1, 9, 5, 'X821909-004', 5, 48, '2017-07-13 20:15:57', '2017-07-13 16:19:46', 6, 6),
(43, 'Mouse', 1, 9, 5, 'X821909-005', 1, 48, '2017-07-13 20:16:26', '0000-00-00 00:00:00', 6, 0),
(44, 'Mouse', 1, 9, 5, 'X821909-006', 5, 48, '2017-07-13 20:16:55', '2017-07-13 16:19:57', 6, 6),
(45, 'Mouse', 1, 9, 5, 'X821909-007', 5, 48, '2017-07-13 20:17:27', '2017-07-13 16:20:06', 6, 6),
(46, 'Mouse', 1, 9, 5, 'X821909-008', 1, 48, '2017-07-13 20:17:49', '0000-00-00 00:00:00', 6, 0),
(47, 'Mouse', 1, 9, 5, 'X821909-009', 5, 48, '2017-07-13 20:18:05', '2017-07-13 16:20:31', 6, 6),
(48, 'Mouse', 1, 9, 5, 'X821909-0010', 5, 48, '2017-07-13 20:18:31', '0000-00-00 00:00:00', 6, 0),
(49, 'Mouse', 1, 9, 5, '352701145286.', 1, 10, '2017-07-13 20:19:00', '0000-00-00 00:00:00', 6, 0),
(50, 'Pendrive', 3, 20, 8, '01', 4, 48, '2017-07-13 20:25:17', '2017-07-13 16:25:59', 6, 6),
(51, 'Pendrive', 3, 19, 6, '02', 4, 48, '2017-07-13 20:25:48', '0000-00-00 00:00:00', 6, 0),
(52, 'Pendrive', 3, 18, 7, '03', 4, 48, '2017-07-13 20:26:20', '0000-00-00 00:00:00', 6, 0),
(53, 'Seagate', 5, 21, 9, 'NA52MAWWJ', 4, 48, '2017-07-13 20:31:16', '2017-07-13 16:33:15', 6, 6),
(54, 'Toshiba', 5, 8, 9, 'Z2ANPAIETTV2', 4, 48, '2017-07-13 20:34:18', '0000-00-00 00:00:00', 6, 0),
(55, 'Mouse', 1, 10, 4, '1204004745', 1, 48, '2017-07-14 19:25:06', '0000-00-00 00:00:00', 6, 0),
(56, 'Mouse', 1, 10, 4, '1208000843', 4, 48, '2017-07-14 19:26:02', '0000-00-00 00:00:00', 6, 0),
(57, 'Mouse', 1, 10, 4, '1208000815', 4, 48, '2017-07-14 19:26:37', '2017-07-14 15:26:52', 6, 6),
(58, 'Mouse', 1, 22, 5, 'NA', 4, 48, '2017-07-14 19:27:53', '0000-00-00 00:00:00', 6, 0),
(59, 'DVDwriter', 6, 23, 5, 'SE-208DB/TSBS', 4, 48, '2017-07-14 19:29:12', '2017-07-14 15:29:22', 6, 6),
(60, 'Teclado', 2, 9, 5, '0200704841815', 4, 48, '2017-07-14 19:32:42', '0000-00-00 00:00:00', 6, 0),
(61, 'Teclado', 2, 14, 5, '0353036', 4, 48, '2017-07-14 19:33:27', '0000-00-00 00:00:00', 6, 0),
(62, 'Teclado', 2, 24, 5, '3201271-01', 4, 48, '2017-07-14 19:34:44', '0000-00-00 00:00:00', 6, 0);

--
-- Volcado de datos para la tabla `menu_rol`
--

INSERT INTO `menu_rol` (`id`, `menu_id`, `rol_id`, `estado`, `created_at`, `updated_at`, `created_by`, `updated_by`) VALUES
(1, 1, 1, 1, '2017-06-21 23:23:08', '0000-00-00 00:00:00', 1, 0),
(2, 5, 1, 1, '2017-06-21 23:23:09', '0000-00-00 00:00:00', 1, 0),
(3, 6, 1, 1, '2017-06-21 23:23:12', '0000-00-00 00:00:00', 1, 0),
(4, 2, 1, 1, '2017-06-21 23:23:13', '0000-00-00 00:00:00', 1, 0),
(5, 8, 1, 1, '2017-06-21 23:23:14', '0000-00-00 00:00:00', 1, 0),
(6, 7, 1, 1, '2017-06-21 23:23:15', '0000-00-00 00:00:00', 1, 0),
(7, 3, 1, 1, '2017-06-21 23:23:16', '0000-00-00 00:00:00', 1, 0),
(8, 9, 1, 1, '2017-06-21 23:23:17', '0000-00-00 00:00:00', 1, 0),
(9, 10, 1, 1, '2017-06-21 23:23:20', '0000-00-00 00:00:00', 1, 0),
(10, 11, 1, 1, '2017-06-21 23:23:22', '0000-00-00 00:00:00', 1, 0),
(11, 12, 1, 1, '2017-06-21 23:23:23', '0000-00-00 00:00:00', 1, 0),
(12, 13, 1, 1, '2017-06-21 23:23:25', '0000-00-00 00:00:00', 1, 0),
(13, 4, 1, 1, '2017-06-21 23:23:26', '0000-00-00 00:00:00', 1, 0),
(14, 14, 1, 1, '2017-06-21 23:23:26', '0000-00-00 00:00:00', 1, 0),
(15, 15, 1, 1, '2017-06-21 23:23:27', '0000-00-00 00:00:00', 1, 0),
(16, 16, 1, 1, '2017-06-21 23:23:28', '0000-00-00 00:00:00', 1, 0),
(17, 17, 1, 1, '2017-06-21 23:23:29', '0000-00-00 00:00:00', 1, 0),
(18, 18, 1, 1, '2017-06-21 23:23:30', '0000-00-00 00:00:00', 1, 0),
(19, 19, 1, 1, '2017-06-21 23:23:31', '0000-00-00 00:00:00', 1, 0),
(20, 20, 1, 1, '2017-06-21 23:23:32', '0000-00-00 00:00:00', 1, 0),
(21, 21, 1, 1, '2017-06-22 01:56:27', '0000-00-00 00:00:00', 1, 0),
(22, 22, 1, 1, '2017-06-22 01:58:45', '0000-00-00 00:00:00', 1, 0),
(23, 23, 1, 1, '2017-06-22 21:41:22', '0000-00-00 00:00:00', 1, 0),
(24, 24, 1, 1, '2017-06-23 01:12:46', '0000-00-00 00:00:00', 1, 0),
(25, 25, 1, 1, '2017-06-23 17:26:28', '0000-00-00 00:00:00', 1, 0),
(26, 1, 2, 0, '2017-06-30 21:03:23', '2017-06-30 17:03:23', 1, 1),
(27, 3, 2, 0, '2017-06-30 21:03:28', '2017-07-06 13:59:19', 1, 1),
(28, 23, 2, 0, '2017-06-30 21:03:28', '2017-07-06 13:59:20', 1, 1),
(29, 24, 2, 0, '2017-06-30 21:03:30', '2017-07-06 13:59:21', 1, 1),
(30, 25, 2, 1, '2017-06-30 21:03:31', '0000-00-00 00:00:00', 1, 0),
(31, 26, 1, 1, '2017-07-06 17:55:49', '0000-00-00 00:00:00', 1, 0),
(32, 26, 2, 1, '2017-07-06 17:55:50', '0000-00-00 00:00:00', 1, 0),
(33, 27, 2, 1, '2017-07-06 17:56:03', '0000-00-00 00:00:00', 1, 0),
(34, 27, 1, 1, '2017-07-06 17:56:04', '0000-00-00 00:00:00', 1, 0);

--
-- Volcado de datos para la tabla `menu`
--

INSERT INTO `menu` (`id`, `menu_id`, `tipo_menu_id`, `etiqueta`, `url`, `posicion`, `icono`, `created_at`, `updated_at`, `created_by`, `updated_by`) VALUES
(1, NULL, 1, 'Registros', 'http://sgi.sti.com.ve/', 1, 'fa fa-exchange', '2017-06-21 22:52:36', '2017-07-13 14:01:11', 1, 1),
(2, NULL, 1, 'Navegacion', 'http://sgi.sti.com.ve/', 3, 'fa fa-bars', '2017-06-21 22:52:57', '0000-00-00 00:00:00', 1, 0),
(3, NULL, 1, 'Inventario', 'http://sgi.sti.com.ve/', 4, 'fa fa-desktop', '2017-06-21 22:56:04', '2017-06-21 18:56:23', 1, 1),
(4, NULL, 1, 'Seguridad', 'http://sgi.sti.com.ve/', 5, 'fa fa-lock', '2017-06-21 22:58:43', '0000-00-00 00:00:00', 1, 0),
(5, 1, 1, 'Estados', 'admin/generales/estado', 1, 'fa fa-tags', '2017-06-21 23:00:52', '2017-06-21 19:46:14', 1, 1),
(6, 1, 1, 'Sistema Operativo', 'admin/generales/sistema_operativo', 2, 'fa fa-windows', '2017-06-21 23:02:41', '2017-06-21 19:46:23', 1, 1),
(7, 2, 1, 'Lista Menu', 'admin/navegacion/menu/ ', 2, 'fa fa-maxcdn', '2017-06-21 23:04:11', '2017-06-21 19:46:38', 1, 1),
(8, 2, 1, 'Tipo Menu', 'admin/navegacion/tipo-menu/', 1, 'fa fa-maxcdn', '2017-06-21 23:04:58', '2017-06-21 19:46:31', 1, 1),
(9, 1, 1, 'Marcas', 'admin/inventario/marca', 4, 'fa  fa-registered', '2017-06-21 23:09:04', '2017-06-21 19:46:46', 1, 1),
(10, 1, 1, 'Modelos', 'admin/inventario/modelo', 5, 'fa  fa-registered', '2017-06-21 23:09:37', '2017-06-21 19:46:55', 1, 1),
(11, 1, 1, 'Tipos de Perifericos', 'admin/inventario/tperiferico', 7, 'fa fa-plug', '2017-06-21 23:11:11', '2017-06-21 19:47:03', 1, 1),
(12, 1, 1, 'Dispositivos de Red', 'admin/inventario/tred', 8, 'fa fa-sitemap', '2017-06-21 23:14:03', '2017-06-21 19:47:12', 1, 1),
(13, 1, 1, 'Tipos de Computadoras', 'admin/inventario/tcomputadora', 6, 'fa fa-server', '2017-06-21 23:15:16', '2017-06-21 19:47:21', 1, 1),
(14, 4, 1, 'Departamentos', 'admin/seguridad/departamento', 1, 'fa fa-institution', '2017-06-21 23:17:00', '2017-06-21 19:47:29', 1, 1),
(15, 4, 1, 'Usuarios', 'admin/seguridad/usuario', 2, 'fa fa-user-plus', '2017-06-21 23:17:46', '2017-06-21 19:47:37', 1, 1),
(16, 4, 1, 'Permisos', 'admin/seguridad/permiso', 3, 'fa fa-user-secret', '2017-06-21 23:18:38', '2017-06-21 19:47:47', 1, 1),
(17, 4, 1, 'Roles', 'admin/seguridad/rol', 4, 'fa fa-users', '2017-06-21 23:19:22', '2017-06-21 19:47:55', 1, 1),
(18, 4, 1, 'Asignar Permisos', 'admin/seguridad/permiso_rol', 5, 'fa fa-user-secret', '2017-06-21 23:20:11', '2017-06-21 19:48:04', 1, 1),
(19, 4, 1, 'Asignar Menu', 'admin/navegacion/menu_rol', 6, 'fa fa-user-plus', '2017-06-21 23:20:55', '2017-06-21 19:48:12', 1, 1),
(20, 4, 1, 'Crear Menu', 'admin/navegacion/menu/crear-archivos', 7, 'fa fa-history', '2017-06-21 23:21:59', '2017-06-21 19:48:20', 1, 1),
(21, 4, 1, 'Crear Permisos', 'admin/seguridad/permiso/crear_archivos', 8, 'fa  fa-unlock', '2017-06-21 23:27:08', '2017-06-21 19:48:29', 1, 1),
(22, 1, 1, 'Procesador', 'admin/generales/Procesador', 3, 'fa  fa-cube', '2017-06-22 01:55:59', '2017-07-13 14:02:17', 1, 1),
(23, 3, 1, 'Computadoras', 'dashboard/computadoras', 1, 'fa fa-desktop', '2017-06-22 21:40:46', '0000-00-00 00:00:00', 1, 0),
(24, 3, 1, 'Perifericos', 'dashboard/periferico/', 2, 'fa fa-plug', '2017-06-23 01:12:24', '2017-06-22 21:12:33', 1, 1),
(25, 3, 1, 'Dispositivo de Red', 'dashboard/red', 3, 'fa fa-exchange', '2017-06-23 17:25:33', '0000-00-00 00:00:00', 1, 0),
(26, NULL, 1, 'Solicitudes', 'dashboard/solicitudes', 2, 'fa fa-clipboard', '2017-07-06 17:54:00', '0000-00-00 00:00:00', 1, 0),
(27, 26, 1, 'Crear Solicitud', 'dashboard/solicitudes/crear', 1, 'fa fa-check-square-o', '2017-07-06 17:55:25', '0000-00-00 00:00:00', 1, 0);


--
-- Volcado de datos para la tabla `marca`
--

-- INSERT INTO `marca` (`id`, `descripcion`, `created_at`, `updated_at`, `created_by`, `updated_by`) VALUES
-- (1, 'DELL', '2017-06-21 21:56:22', '0000-00-00 00:00:00', 1, 0),
-- (2, 'Hewlett-Packard', '2017-06-21 21:56:52', '0000-00-00 00:00:00', 1, 0),
-- (3, 'Intell', '2017-06-22 01:44:25', '0000-00-00 00:00:00', 1, 0),
-- (8, 'TOSHIBA', '2017-07-12 17:19:42', '0000-00-00 00:00:00', 6, 0),
-- (9, 'Microsoft', '2017-07-13 15:10:20', '0000-00-00 00:00:00', 6, 0),
-- (10, 'Targus', '2017-07-13 15:14:53', '0000-00-00 00:00:00', 6, 0),
-- (11, 'Delux', '2017-07-13 15:15:07', '0000-00-00 00:00:00', 6, 0),
-- (12, 'Logitech', '2017-07-13 15:15:19', '0000-00-00 00:00:00', 6, 0),
-- (13, 'Masell', '2017-07-13 15:15:30', '0000-00-00 00:00:00', 6, 0),
-- (14, 'Lenovo', '2017-07-13 15:15:43', '0000-00-00 00:00:00', 6, 0),
-- (15, 'Inalambrico', '2017-07-13 18:10:43', '0000-00-00 00:00:00', 6, 0),
-- (16, 'Alambrico', '2017-07-13 18:11:19', '0000-00-00 00:00:00', 6, 0),
-- (17, 'Genius', '2017-07-13 18:49:40', '0000-00-00 00:00:00', 6, 0),
-- (18, 'Samsung', '2017-07-13 20:21:34', '0000-00-00 00:00:00', 6, 0),
-- (19, 'Hp', '2017-07-13 20:21:38', '0000-00-00 00:00:00', 6, 0),
-- (20, 'Sandisk', '2017-07-13 20:24:06', '0000-00-00 00:00:00', 6, 0),
-- (21, 'Seagate', '2017-07-13 20:30:22', '0000-00-00 00:00:00', 6, 0),
-- (22, 'Usa-net', '2017-07-14 19:27:09', '0000-00-00 00:00:00', 6, 0),
-- (23, 'DVDwriter', '2017-07-14 19:27:20', '0000-00-00 00:00:00', 6, 0),
-- (24, 'SUN microsystem', '2017-07-14 19:34:04', '0000-00-00 00:00:00', 6, 0),
-- (25, 'ASUSTeK Computer Inc', '2017-08-01 20:22:22', '0000-00-00 00:00:00', 6, 0);


--
-- Volcado de datos para la tabla `estado`
--

INSERT INTO `estado` (`id`, `descripcion`, `created_at`, `updated_at`, `created_by`, `updated_by`) VALUES
(1, 'Asignado', '2017-06-21 22:33:34', '0000-00-00 00:00:00', 1, 0),
(2, 'Prestamo', '2017-06-21 22:33:44', '0000-00-00 00:00:00', 1, 0),
(3, 'Depósito', '2017-07-12 19:08:51', '0000-00-00 00:00:00', 0, 0),
(4, 'Disponible', '2017-07-12 19:08:51', '0000-00-00 00:00:00', 0, 0),
(5, 'En Stock', '2017-07-12 19:09:48', '0000-00-00 00:00:00', 0, 0);

--
-- Volcado de datos para la tabla `esolicitud`
--

INSERT INTO `esolicitud` (`id`, `estado`, `created_at`, `updated_at`, `created_by`, `updated_by`) VALUES
(0, 'Abierta', '2017-07-06 18:11:22', '0000-00-00 00:00:00', 0, 0),
(1, 'En Curso', '2017-07-06 18:11:22', '0000-00-00 00:00:00', 0, 0),
(2, 'Cerrada', '2017-07-06 18:11:53', '0000-00-00 00:00:00', 0, 0),
(3, 'Resuelta', '2017-07-06 18:11:53', '0000-00-00 00:00:00', 0, 0),
(4, 'Cancelada', '2017-07-06 18:12:16', '0000-00-00 00:00:00', 0, 0);


--
-- Volcado de datos para la tabla `direccion_ip`
--

INSERT INTO `direccion_ip` (`id`, `computadoras_id`, `direccion_ip`, `observaciones`, `created_at`, `updated_at`, `created_by`, `updated_by`) VALUES
(1, 1, '10.0.3.100', NULL, '2017-08-01 16:48:00', '0000-00-00 00:00:00', 6, 0),
(2, 2, '10.0.3.103', NULL, '2017-08-01 16:53:12', '0000-00-00 00:00:00', 6, 0),
(4, 4, '10.0.3.83', NULL, '2017-08-01 18:23:33', '0000-00-00 00:00:00', 6, 0),
(5, 5, '10.0.3.117', NULL, '2017-08-01 18:29:43', '0000-00-00 00:00:00', 6, 0),
(6, 6, '10.0.3.99', NULL, '2017-08-01 18:33:23', '0000-00-00 00:00:00', 6, 0),
(7, 7, '10.0.3.112', NULL, '2017-08-01 18:40:02', '0000-00-00 00:00:00', 6, 0),
(8, 10, '10.0.3.98', NULL, '2017-08-01 18:44:44', '0000-00-00 00:00:00', 6, 0),
(9, 13, '10.0.3.102', NULL, '2017-08-01 18:51:20', '0000-00-00 00:00:00', 6, 0),
(10, 15, '10.0.3.101', NULL, '2017-08-01 18:55:32', '0000-00-00 00:00:00', 6, 0),
(11, 16, '10.0.3.115', NULL, '2017-08-01 18:58:22', '0000-00-00 00:00:00', 6, 0),
(12, 17, '10.0.4.3', NULL, '2017-08-01 19:00:04', '0000-00-00 00:00:00', 6, 0),
(13, 18, '10.0.3.70', NULL, '2017-08-01 19:14:07', '0000-00-00 00:00:00', 6, 0),
(14, 19, '10.0.3.77', NULL, '2017-08-01 19:45:57', '0000-00-00 00:00:00', 6, 0),
(15, 20, '10.0.4.91', NULL, '2017-08-01 19:48:21', '0000-00-00 00:00:00', 6, 0),
(16, 21, '10.0.4.88', NULL, '2017-08-01 19:49:18', '0000-00-00 00:00:00', 6, 0),
(17, 22, '10.0.4.73', NULL, '2017-08-01 20:25:04', '0000-00-00 00:00:00', 6, 0),
(18, 23, '10.0.4.66', NULL, '2017-08-01 20:26:05', '0000-00-00 00:00:00', 6, 0);



--
-- Volcado de datos para la tabla `computadoras`
--

INSERT INTO `computadoras` (`id`, `hostname`, `descripcion`, `capacidad_disco`, `memoria_ram`, `tcomputadora_id`, `marca_id`, `modelo_id`, `Procesador_id`, `sistema_operativo_id`, `usuario_id`, `serial`, `estado_id`, `created_at`, `updated_at`, `created_by`, `updated_by`) VALUES
(1, 'stirdy06', 'Sin comentarios', '700 Gb', '1 Tb', 2, 1, 14, 20, 6, 32, '5KQFFV1', 1, '2017-08-01 16:48:00', '0000-00-00 00:00:00', 6, 0),
(2, 'stirdy02', 'Sin comentarios', '700 Gb', '8 Gb', 2, 8, 10, 29, 4, 33, '2D116247Q', 1, '2017-08-01 16:53:12', '0000-00-00 00:00:00', 6, 0),
(4, 'stigdd06', 'Sin comentarios', '1 TB', '16 Gb', 2, 1, 12, 19, 3, 2, '18TZQY1', 1, '2017-08-01 18:23:33', '0000-00-00 00:00:00', 6, 0),
(5, 'stirdy11', 'Sin comentarios', '1 TB', '8 Gb', 2, 1, 12, 19, 3, 49, 'JXFZQY1', 1, '2017-08-01 18:29:43', '0000-00-00 00:00:00', 6, 0),
(6, 'stirdy09', 'Sin comentarios', '700 Gb', '8 Gb', 2, 1, 13, 30, 3, 38, 'F7XPRQ1', 1, '2017-08-01 18:33:23', '0000-00-00 00:00:00', 6, 0),
(7, 'stirdy07', 'Sin comentarios', '1 TB', '8 Gb', 2, 1, 14, 20, 5, 35, '5VDFHV1', 1, '2017-08-01 18:40:01', '0000-00-00 00:00:00', 6, 0),
(10, 'stirdy08', 'Sin comentarios', '1 TB', '12 Gb', 2, 8, 11, 29, 5, 36, '3D131345Q', 1, '2017-08-01 18:44:44', '0000-00-00 00:00:00', 6, 0),
(13, 'stirdy04', 'Sin comentarios', '1 TB', '16 Gb', 2, 2, 16, 22, 3, 31, '2CE1462SB0', 1, '2017-08-01 18:51:20', '0000-00-00 00:00:00', 6, 0),
(15, 'stirdy10', 'Sin comentarios', '1 TB', '12 Gb', 2, 2, 15, 22, 3, 34, '2CE1462SB1', 1, '2017-08-01 18:55:32', '0000-00-00 00:00:00', 6, 0),
(16, 'stisrv05', 'Sin comentarios', '1 TB', '8 Gb', 2, 2, 15, 22, 3, 42, '5CD512BB01', 1, '2017-08-01 18:58:22', '0000-00-00 00:00:00', 6, 0),
(17, 'stiadmg02', 'Sin comentarios', '1 TB', '8 Gb', 2, 1, 12, 19, 3, 11, '7XZXQY1', 1, '2017-08-01 19:00:04', '0000-00-00 00:00:00', 6, 0),
(18, 'stigdd07', 'Sin comentarios', '700 Gb', '8 Gb', 2, 1, 19, 22, 3, 39, 'GSRJ2S1', 1, '2017-08-01 19:14:07', '0000-00-00 00:00:00', 6, 0),
(19, 'stigdd01', 'Sin comentarios', '1 TB', '16 Gb', 2, 2, 16, 21, 3, 3, '5CD512B9ZY', 1, '2017-08-01 19:45:57', '0000-00-00 00:00:00', 6, 0),
(20, 'stimer01', 'Sin comentarios', '700 Gb', '8 Gb', 2, 8, 20, 22, 3, 23, '1C185944K', 1, '2017-08-01 19:48:21', '0000-00-00 00:00:00', 6, 0),
(21, 'stimer02', 'Sin comentarios', '700 Gb', '8 Gb', 2, 8, 20, 22, 3, 24, '1C185416K', 1, '2017-08-01 19:49:18', '0000-00-00 00:00:00', 6, 0),
(22, 'stirrh01', 'Sin comentarios', '500 Gb', '4 Gb', 2, 25, 22, 25, 6, 7, 'B2N0BC02017506', 1, '2017-08-01 20:25:04', '0000-00-00 00:00:00', 6, 0),
(23, 'stirrh02', 'Sin comentarios', '500 Gb', '4 Gb', 2, 25, 23, 25, 3, 8, 'B2N0BC00443005', 1, '2017-08-01 20:26:04', '0000-00-00 00:00:00', 6, 0);


--
-- Volcado de datos para la tabla `Procesador`
--

INSERT INTO `Procesador` (`id`, `marca_id`, `descripcion`, `procesadores_logicos`, `cores`, `velocidad`, `created_at`, `updated_at`, `created_by`, `updated_by`) VALUES
(1, 3, 'Celeron', 4, 2, '2.6 GHz', '2017-06-22 01:51:34', '2017-06-21 21:53:30', 1, 1),
(14, 3, 'Intel(R) Xeon(R) CPU E3110', 2, 2, '3.0 GHz', '2017-07-11 20:43:58', '0000-00-00 00:00:00', 6, 0),
(16, 3, 'Intel(R) Xeon(R) CPU X3470', 1, 1, '2.93 GHz', '2017-07-12 14:38:08', '0000-00-00 00:00:00', 6, 0),
(17, 3, 'Intel(R) Xeon(TM) CPU', 2, 1, '2.80 GHz', '2017-07-12 14:39:09', '0000-00-00 00:00:00', 6, 0),
(18, 3, 'Intel(R) Pentium(R) Dual-Core', 2, 2, '2.70 GHz', '2017-07-12 14:40:34', '0000-00-00 00:00:00', 6, 0),
(19, 3, 'Intel(R) Core(TM) i7', 4, 2, '1.80 GHz', '2017-07-12 14:41:34', '2017-07-12 13:28:37', 6, 6),
(20, 3, 'Intel(R) Core(TM) i7', 8, 4, '2.10 GHz', '2017-07-12 14:42:18', '2017-07-12 13:28:30', 6, 6),
(21, 3, 'Intel(R) Core(TM) i7', 8, 4, '2.60 GHz', '2017-07-12 14:43:01', '2017-07-12 13:28:50', 6, 6),
(22, 3, 'Intel(R) Core(TM) i7', 8, 4, '2.20 GHz', '2017-07-12 14:43:36', '2017-07-12 13:24:47', 6, 6),
(23, 3, 'intel(R) Xeon(R) CPU X3430', 2, 2, '2.40 GHz', '2017-07-12 14:44:51', '0000-00-00 00:00:00', 6, 0),
(24, 3, 'Intel(R) Pentium(R) Dual ', 2, 2, '2.0 GHz', '2017-07-12 14:46:00', '2017-07-12 13:28:58', 6, 6),
(25, 3, 'Intel(R) Core(TM) i3', 4, 2, '2.53 GHz', '2017-07-12 14:48:20', '0000-00-00 00:00:00', 6, 0),
(26, 3, 'Intel(R) Core(TM) i5', 4, 2, '2.67 GHz', '2017-07-12 14:49:01', '0000-00-00 00:00:00', 6, 0),
(27, 3, 'Intel(R) Core(TM) i5', 4, 2, '2.30 GHz', '2017-07-12 14:50:14', '0000-00-00 00:00:00', 6, 0),
(28, 3, 'Intel(R) Core(TM) i5', 4, 2, '2.40 GHz', '2017-07-12 14:56:17', '0000-00-00 00:00:00', 6, 0),
(29, 3, 'Intel(R) Core(TM) i7', 8, 4, '2.40 GHz', '2017-08-01 16:51:20', '0000-00-00 00:00:00', 6, 0),
(30, 3, 'Intel(R) Core(TM) i7', 4, 2, '2.70 GHz', '2017-08-01 18:32:24', '2017-08-01 14:33:55', 6, 6);


--
-- Volcado de datos para la tabla `sgi_session`
--

INSERT INTO `sgi_session` (`id`, `ip_address`, `timestamp`, `data`) VALUES
('0n74n4altsd6o6ffth7s806r8p8cq5q4', '10.0.3.72', 1501616054, 0x5f5f63695f6c6173745f726567656e65726174657c693a313530313631353830343b7065746963696f6e5f75726c7c733a34343a22687474703a2f2f7367692e7374692e636f6d2e76652f64617368626f6172642f636f6d70757461646f726173223b757365725f6c6f67696e7c623a313b7573756172696f5f69647c733a313a2236223b7573756172696f7c733a353a226372696f73223b726f6c5f69647c733a313a2231223b726f6c7c733a31383a22537570657241646d696e6973747261646f72223b6e6f6d6272657c733a363a224361726c6f73223b6170656c6c69646f7c733a343a2252696f73223b63726561646f7c733a31393a22323031372d30372d30332031323a31303a3335223b6176617461727c733a393a2261646d696e2e6a7067223b),
('349uphmqf0bk3n64741516btva650pnv', '10.0.3.72', 1501614788, 0x5f5f63695f6c6173745f726567656e65726174657c693a313530313631343439313b7065746963696f6e5f75726c7c733a34343a22687474703a2f2f7367692e7374692e636f6d2e76652f64617368626f6172642f636f6d70757461646f726173223b757365725f6c6f67696e7c623a313b7573756172696f5f69647c733a313a2236223b7573756172696f7c733a353a226372696f73223b726f6c5f69647c733a313a2231223b726f6c7c733a31383a22537570657241646d696e6973747261646f72223b6e6f6d6272657c733a363a224361726c6f73223b6170656c6c69646f7c733a343a2252696f73223b63726561646f7c733a31393a22323031372d30372d30332031323a31303a3335223b6176617461727c733a393a2261646d696e2e6a7067223b),
('3612h0b431ltprruaebaa56hsc7q2q4g', '10.0.6.107', 1501111170, 0x5f5f63695f6c6173745f726567656e65726174657c693a313530313131303931363b757365725f6c6f67696e7c623a313b7573756172696f5f69647c733a313a2231223b7573756172696f7c733a353a2261646d696e223b726f6c5f69647c733a313a2231223b726f6c7c733a31383a22537570657241646d696e6973747261646f72223b6e6f6d6272657c733a353a225375706572223b6170656c6c69646f7c733a31333a2241646d696e6973747261646f72223b63726561646f7c733a31393a22323031372d30362d30322031323a31303a3036223b6176617461727c733a31303a226176617461722e706e67223b),
('3kjoo8b247s2b0ei8afllsfmf700pure', '10.0.6.107', 1501105852, 0x5f5f63695f6c6173745f726567656e65726174657c693a313530313130353537383b757365725f6c6f67696e7c623a313b7573756172696f5f69647c733a323a223330223b7573756172696f7c733a31303a22726665726e616e64657a223b726f6c5f69647c733a313a2232223b726f6c7c733a383a224f70657261646f72223b6e6f6d6272657c733a363a2252696d736b79223b6170656c6c69646f7c733a31303a224665726ec3a16e64657a223b63726561646f7c733a31393a22323031372d30372d31322031363a30363a3231223b6176617461727c733a31323a226f70657261646f722e6a7067223b),
('4p0kn9kijri231bvi1pjadjmag3fn0k3', '10.0.3.72', 1501613335, 0x5f5f63695f6c6173745f726567656e65726174657c693a313530313631333035363b7065746963696f6e5f75726c7c733a34343a22687474703a2f2f7367692e7374692e636f6d2e76652f64617368626f6172642f636f6d70757461646f726173223b757365725f6c6f67696e7c623a313b7573756172696f5f69647c733a313a2236223b7573756172696f7c733a353a226372696f73223b726f6c5f69647c733a313a2231223b726f6c7c733a31383a22537570657241646d696e6973747261646f72223b6e6f6d6272657c733a363a224361726c6f73223b6170656c6c69646f7c733a343a2252696f73223b63726561646f7c733a31393a22323031372d30372d30332031323a31303a3335223b6176617461727c733a393a2261646d696e2e6a7067223b6d656e73616a657c733a3138353a223c64697620636c6173733d22616c65727420616c6572742d7375636365737320616c6572742d6469736d69737361626c65223e3c627574746f6e20747970653d22627574746f6e2220636c6173733d22636c6f73652220646174612d6469736d6973733d22616c6572742220617269612d68696464656e3d2274727565223e2674696d65733b3c2f627574746f6e3e456c20726567697374726f206675652063726561646f20657869746f73616d656e74652e3c2f6469763e223b5f5f63695f766172737c613a313a7b733a373a226d656e73616a65223b733a333a226f6c64223b7d),
('5lrlobjv73uqr52bqhh5n0hfrtdcafqq', '10.0.6.107', 1501117697, 0x5f5f63695f6c6173745f726567656e65726174657c693a313530313131373638383b757365725f6c6f67696e7c623a313b7573756172696f5f69647c733a313a2232223b7573756172696f7c733a393a226c76696c6c65676173223b726f6c5f69647c733a313a2232223b726f6c7c733a383a224f70657261646f72223b6e6f6d6272657c733a343a224c756973223b6170656c6c69646f7c733a383a2256696c6c65676173223b63726561646f7c733a31393a22323031372d30362d31342032323a31343a3436223b6176617461727c733a31323a226f70657261646f722e6a7067223b6d656e73616a657c733a3230383a223c64697620636c6173733d22616c65727420616c6572742d64616e67657220616c6572742d6469736d69737361626c65223e3c627574746f6e20747970653d22627574746f6e2220636c6173733d22636c6f73652220646174612d6469736d6973733d22616c6572742220617269612d68696464656e3d2274727565223e2674696d65733b3c2f627574746f6e3e3c7374726f6e673e4572726f72213c2f7374726f6e673e204e6f207469656e65207065726d69736f7320706172612065737461207365636369c3b36e3c2f6469763e223b5f5f63695f766172737c613a313a7b733a373a226d656e73616a65223b733a333a226f6c64223b7d),
('61ksj7inaik5rpqn8i9l8ll7827ss7o4', '10.0.6.107', 1501111386, 0x5f5f63695f6c6173745f726567656e65726174657c693a313530313131313338343b757365725f6c6f67696e7c623a313b7573756172696f5f69647c733a313a2231223b7573756172696f7c733a353a2261646d696e223b726f6c5f69647c733a313a2231223b726f6c7c733a31383a22537570657241646d696e6973747261646f72223b6e6f6d6272657c733a353a225375706572223b6170656c6c69646f7c733a31333a2241646d696e6973747261646f72223b63726561646f7c733a31393a22323031372d30362d30322031323a31303a3036223b6176617461727c733a31303a226176617461722e706e67223b),
('6ob8dh08r50c6t174bsg5usp9ldu15l5', '10.0.6.107', 1501108726, 0x5f5f63695f6c6173745f726567656e65726174657c693a313530313130383637313b757365725f6c6f67696e7c623a313b7573756172696f5f69647c733a323a223330223b7573756172696f7c733a31303a22726665726e616e64657a223b726f6c5f69647c733a313a2232223b726f6c7c733a383a224f70657261646f72223b6e6f6d6272657c733a363a2252696d736b79223b6170656c6c69646f7c733a31303a224665726ec3a16e64657a223b63726561646f7c733a31393a22323031372d30372d31322031363a30363a3231223b6176617461727c733a31323a226f70657261646f722e6a7067223b),
('6vgkvhf5ql80icofqrpc2t63no6mji3b', '10.0.3.72', 1501616131, 0x5f5f63695f6c6173745f726567656e65726174657c693a313530313631363131333b7065746963696f6e5f75726c7c733a34343a22687474703a2f2f7367692e7374692e636f6d2e76652f64617368626f6172642f636f6d70757461646f726173223b757365725f6c6f67696e7c623a313b7573756172696f5f69647c733a313a2236223b7573756172696f7c733a353a226372696f73223b726f6c5f69647c733a313a2231223b726f6c7c733a31383a22537570657241646d696e6973747261646f72223b6e6f6d6272657c733a363a224361726c6f73223b6170656c6c69646f7c733a343a2252696f73223b63726561646f7c733a31393a22323031372d30372d30332031323a31303a3335223b6176617461727c733a393a2261646d696e2e6a7067223b),
('76aaomomne5da2nrbfffsrf2gbgot040', '10.0.6.107', 1501105974, 0x5f5f63695f6c6173745f726567656e65726174657c693a313530313130353838303b757365725f6c6f67696e7c623a313b7573756172696f5f69647c733a323a223330223b7573756172696f7c733a31303a22726665726e616e64657a223b726f6c5f69647c733a313a2232223b726f6c7c733a383a224f70657261646f72223b6e6f6d6272657c733a363a2252696d736b79223b6170656c6c69646f7c733a31303a224665726ec3a16e64657a223b63726561646f7c733a31393a22323031372d30372d31322031363a30363a3231223b6176617461727c733a31323a226f70657261646f722e6a7067223b),
('7l2es4rd9mfuege3k7ocq0eiuuddr1i8', '10.0.6.107', 1501118592, 0x5f5f63695f6c6173745f726567656e65726174657c693a313530313131383538363b757365725f6c6f67696e7c623a313b7573756172696f5f69647c733a313a2231223b7573756172696f7c733a353a2261646d696e223b726f6c5f69647c733a313a2231223b726f6c7c733a31383a22537570657241646d696e6973747261646f72223b6e6f6d6272657c733a353a225375706572223b6170656c6c69646f7c733a31333a2241646d696e6973747261646f72223b63726561646f7c733a31393a22323031372d30362d30322031323a31303a3036223b6176617461727c733a393a2261646d696e2e6a7067223b),
('87sstth1s9ffpqrc40tt6gm3140ju891', '10.0.6.107', 1501112011, 0x5f5f63695f6c6173745f726567656e65726174657c693a313530313131313833383b757365725f6c6f67696e7c623a313b7573756172696f5f69647c733a313a2231223b7573756172696f7c733a353a2261646d696e223b726f6c5f69647c733a313a2231223b726f6c7c733a31383a22537570657241646d696e6973747261646f72223b6e6f6d6272657c733a353a225375706572223b6170656c6c69646f7c733a31333a2241646d696e6973747261646f72223b63726561646f7c733a31393a22323031372d30362d30322031323a31303a3036223b6176617461727c733a31303a226176617461722e706e67223b),
('880e5df3rgkum2kil8jeirbq458s3vi8', '10.0.3.72', 1501614239, 0x5f5f63695f6c6173745f726567656e65726174657c693a313530313631343131333b7065746963696f6e5f75726c7c733a34343a22687474703a2f2f7367692e7374692e636f6d2e76652f64617368626f6172642f636f6d70757461646f726173223b757365725f6c6f67696e7c623a313b7573756172696f5f69647c733a313a2236223b7573756172696f7c733a353a226372696f73223b726f6c5f69647c733a313a2231223b726f6c7c733a31383a22537570657241646d696e6973747261646f72223b6e6f6d6272657c733a363a224361726c6f73223b6170656c6c69646f7c733a343a2252696f73223b63726561646f7c733a31393a22323031372d30372d30332031323a31303a3335223b6176617461727c733a393a2261646d696e2e6a7067223b),
('912rnv94tlg48t6v7gelnr6untucdr6k', '10.0.6.107', 1501105547, 0x5f5f63695f6c6173745f726567656e65726174657c693a313530313130353237303b757365725f6c6f67696e7c623a313b7573756172696f5f69647c733a323a223330223b7573756172696f7c733a31303a22726665726e616e64657a223b726f6c5f69647c733a313a2232223b726f6c7c733a383a224f70657261646f72223b6e6f6d6272657c733a363a2252696d736b79223b6170656c6c69646f7c733a31303a224665726ec3a16e64657a223b63726561646f7c733a31393a22323031372d30372d31322031363a30363a3231223b6176617461727c733a31323a226f70657261646f722e6a7067223b),
('96lvsqqlcuv07lrmbuuihf1ea4qrp1mv', '10.0.6.107', 1501108401, 0x5f5f63695f6c6173745f726567656e65726174657c693a313530313130383230363b757365725f6c6f67696e7c623a313b7573756172696f5f69647c733a323a223330223b7573756172696f7c733a31303a22726665726e616e64657a223b726f6c5f69647c733a313a2232223b726f6c7c733a383a224f70657261646f72223b6e6f6d6272657c733a363a2252696d736b79223b6170656c6c69646f7c733a31303a224665726ec3a16e64657a223b63726561646f7c733a31393a22323031372d30372d31322031363a30363a3231223b6176617461727c733a31323a226f70657261646f722e6a7067223b),
('b01higm1jl0sgtflp5ua3b9036vuv7jc', '10.0.6.107', 1501114051, 0x5f5f63695f6c6173745f726567656e65726174657c693a313530313131333831363b7065746963696f6e5f75726c7c733a32323a22687474703a2f2f7367692e7374692e636f6d2e76652f223b757365725f6c6f67696e7c623a313b7573756172696f5f69647c733a313a2231223b7573756172696f7c733a353a2261646d696e223b726f6c5f69647c733a313a2231223b726f6c7c733a31383a22537570657241646d696e6973747261646f72223b6e6f6d6272657c733a353a225375706572223b6170656c6c69646f7c733a31333a2241646d696e6973747261646f72223b63726561646f7c733a31393a22323031372d30362d30322031323a31303a3036223b6176617461727c733a31303a226176617461722e706e67223b),
('cljdo8s2ed4s3ee8lp8abgml67ag4ilo', '10.0.6.107', 1501113047, 0x5f5f63695f6c6173745f726567656e65726174657c693a313530313131323939383b),
('csu2nge588t3iok0nrninhceca8bcitu', '10.0.6.107', 1501119748, 0x5f5f63695f6c6173745f726567656e65726174657c693a313530313131393734373b757365725f6c6f67696e7c623a313b7573756172696f5f69647c733a313a2231223b7573756172696f7c733a353a2261646d696e223b726f6c5f69647c733a313a2231223b726f6c7c733a31383a22537570657241646d696e6973747261646f72223b6e6f6d6272657c733a353a225375706572223b6170656c6c69646f7c733a31333a2241646d696e6973747261646f72223b63726561646f7c733a31393a22323031372d30362d30322031323a31303a3036223b6176617461727c733a393a2261646d696e2e6a7067223b),
('d9thd5gvpoghdma5pdaf1s58g5gdd12s', '10.0.6.106', 1501207410, 0x5f5f63695f6c6173745f726567656e65726174657c693a313530313230373134323b7065746963696f6e5f75726c7c733a32323a22687474703a2f2f7367692e7374692e636f6d2e76652f223b757365725f6c6f67696e7c623a313b7573756172696f5f69647c733a313a2231223b7573756172696f7c733a353a2261646d696e223b726f6c5f69647c733a313a2231223b726f6c7c733a31383a22537570657241646d696e6973747261646f72223b6e6f6d6272657c733a353a225375706572223b6170656c6c69646f7c733a31333a2241646d696e6973747261646f72223b63726561646f7c733a31393a22323031372d30362d30322031323a31303a3036223b6176617461727c733a393a2261646d696e2e6a7067223b),
('daqmdbe65opr0q6jh1b3j8e4c1ctk3nt', '10.0.6.107', 1501110645, 0x5f5f63695f6c6173745f726567656e65726174657c693a313530313131303632353b7065746963696f6e5f75726c7c733a32323a22687474703a2f2f7367692e7374692e636f6d2e76652f223b757365725f6c6f67696e7c623a313b7573756172696f5f69647c733a313a2232223b7573756172696f7c733a393a226c76696c6c65676173223b726f6c5f69647c733a313a2232223b726f6c7c733a383a224f70657261646f72223b6e6f6d6272657c733a343a224c756973223b6170656c6c69646f7c733a383a2256696c6c65676173223b63726561646f7c733a31393a22323031372d30362d31342032323a31343a3436223b6176617461727c733a31323a226f70657261646f722e6a7067223b),
('deujtlqgl8d9933lmi2itip5mrcctmog', '10.0.6.107', 1501106235, 0x5f5f63695f6c6173745f726567656e65726174657c693a313530313130363231383b757365725f6c6f67696e7c623a313b7573756172696f5f69647c733a323a223330223b7573756172696f7c733a31303a22726665726e616e64657a223b726f6c5f69647c733a313a2232223b726f6c7c733a383a224f70657261646f72223b6e6f6d6272657c733a363a2252696d736b79223b6170656c6c69646f7c733a31303a224665726ec3a16e64657a223b63726561646f7c733a31393a22323031372d30372d31322031363a30363a3231223b6176617461727c733a31323a226f70657261646f722e6a7067223b),
('di9k263pr8ovb7vl6bh0mrd62pi1s0l2', '10.0.3.71', 1501507736, 0x5f5f63695f6c6173745f726567656e65726174657c693a313530313530373733353b7065746963696f6e5f75726c7c733a32323a22687474703a2f2f7367692e7374692e636f6d2e76652f223b),
('ejrlf1ctf266e6jiae9gv87t4mnvsebj', '10.0.6.107', 1501111355, 0x5f5f63695f6c6173745f726567656e65726174657c693a313530313131313138373b7065746963696f6e5f75726c7c733a32323a22687474703a2f2f7367692e7374692e636f6d2e76652f223b757365725f6c6f67696e7c623a313b7573756172696f5f69647c733a313a2232223b7573756172696f7c733a393a226c76696c6c65676173223b726f6c5f69647c733a313a2232223b726f6c7c733a383a224f70657261646f72223b6e6f6d6272657c733a343a224c756973223b6170656c6c69646f7c733a383a2256696c6c65676173223b63726561646f7c733a31393a22323031372d30362d31342032323a31343a3436223b6176617461727c733a31323a226f70657261646f722e6a7067223b),
('ekmqr2l52mdu6kdqfnedrm3pouf9od0j', '10.0.6.107', 1501114566, 0x5f5f63695f6c6173745f726567656e65726174657c693a313530313131343534373b757365725f6c6f67696e7c623a313b7573756172696f5f69647c733a323a223330223b7573756172696f7c733a31303a22726665726e616e64657a223b726f6c5f69647c733a313a2232223b726f6c7c733a383a224f70657261646f72223b6e6f6d6272657c733a363a2252696d736b79223b6170656c6c69646f7c733a31303a224665726ec3a16e64657a223b63726561646f7c733a31393a22323031372d30372d31322031363a30363a3231223b6176617461727c733a31323a226f70657261646f722e6a7067223b6d656e73616a657c733a3230383a223c64697620636c6173733d22616c65727420616c6572742d64616e67657220616c6572742d6469736d69737361626c65223e3c627574746f6e20747970653d22627574746f6e2220636c6173733d22636c6f73652220646174612d6469736d6973733d22616c6572742220617269612d68696464656e3d2274727565223e2674696d65733b3c2f627574746f6e3e3c7374726f6e673e4572726f72213c2f7374726f6e673e204e6f207469656e65207065726d69736f7320706172612065737461207365636369c3b36e3c2f6469763e223b5f5f63695f766172737c613a313a7b733a373a226d656e73616a65223b733a333a226f6c64223b7d),
('fmkt3d2c1cvk9ml4op8ebdp8v32c7kkt', '10.0.3.72', 1501593495, 0x5f5f63695f6c6173745f726567656e65726174657c693a313530313539333439333b7065746963696f6e5f75726c7c733a32323a22687474703a2f2f7367692e7374692e636f6d2e76652f223b757365725f6c6f67696e7c623a313b7573756172696f5f69647c733a313a2236223b7573756172696f7c733a353a226372696f73223b726f6c5f69647c733a313a2231223b726f6c7c733a31383a22537570657241646d696e6973747261646f72223b6e6f6d6272657c733a363a224361726c6f73223b6170656c6c69646f7c733a343a2252696f73223b63726561646f7c733a31393a22323031372d30372d30332031323a31303a3335223b6176617461727c733a393a2261646d696e2e6a7067223b),
('fq85b5n84d2nhci774p4tmid4m19mbbr', '10.0.6.107', 1501113571, 0x5f5f63695f6c6173745f726567656e65726174657c693a313530313131333533333b757365725f6c6f67696e7c623a313b7573756172696f5f69647c733a323a223331223b7573756172696f7c733a383a227976696c6f726961223b726f6c5f69647c733a313a2232223b726f6c7c733a383a224f70657261646f72223b6e6f6d6272657c733a373a2259656c69747a61223b6170656c6c69646f7c733a373a2256696c6f726961223b63726561646f7c733a31393a22323031372d30372d31322031363a30373a3339223b6176617461727c733a31323a226f70657261646f722e6a7067223b),
('h51h5m9ln35qs0e625dve7j2fpr3u1ns', '10.0.6.107', 1501110238, 0x5f5f63695f6c6173745f726567656e65726174657c693a313530313130393937333b757365725f6c6f67696e7c623a313b7573756172696f5f69647c733a323a223330223b7573756172696f7c733a31303a22726665726e616e64657a223b726f6c5f69647c733a313a2232223b726f6c7c733a383a224f70657261646f72223b6e6f6d6272657c733a363a2252696d736b79223b6170656c6c69646f7c733a31303a224665726ec3a16e64657a223b63726561646f7c733a31393a22323031372d30372d31322031363a30363a3231223b6176617461727c733a31323a226f70657261646f722e6a7067223b),
('h99eksii3g8g8laoskb78372ca0bh8b8', '10.0.6.107', 1501116985, 0x5f5f63695f6c6173745f726567656e65726174657c693a313530313131363831353b757365725f6c6f67696e7c623a313b7573756172696f5f69647c733a313a2232223b7573756172696f7c733a393a226c76696c6c65676173223b726f6c5f69647c733a313a2232223b726f6c7c733a383a224f70657261646f72223b6e6f6d6272657c733a343a224c756973223b6170656c6c69646f7c733a383a2256696c6c65676173223b63726561646f7c733a31393a22323031372d30362d31342032323a31343a3436223b6176617461727c733a31323a226f70657261646f722e6a7067223b),
('hluab777h7qod6noc99nc2tdbfe0qlqi', '10.0.3.72', 1501614087, 0x5f5f63695f6c6173745f726567656e65726174657c693a313530313631333739333b7065746963696f6e5f75726c7c733a34343a22687474703a2f2f7367692e7374692e636f6d2e76652f64617368626f6172642f636f6d70757461646f726173223b757365725f6c6f67696e7c623a313b7573756172696f5f69647c733a313a2236223b7573756172696f7c733a353a226372696f73223b726f6c5f69647c733a313a2231223b726f6c7c733a31383a22537570657241646d696e6973747261646f72223b6e6f6d6272657c733a363a224361726c6f73223b6170656c6c69646f7c733a343a2252696f73223b63726561646f7c733a31393a22323031372d30372d30332031323a31303a3335223b6176617461727c733a393a2261646d696e2e6a7067223b),
('hm20kefv515rfg5ckumm9gpqmb9nemlb', '10.0.3.72', 1501616647, 0x5f5f63695f6c6173745f726567656e65726174657c693a313530313631363531363b7065746963696f6e5f75726c7c733a34343a22687474703a2f2f7367692e7374692e636f6d2e76652f64617368626f6172642f636f6d70757461646f726173223b757365725f6c6f67696e7c623a313b7573756172696f5f69647c733a313a2236223b7573756172696f7c733a353a226372696f73223b726f6c5f69647c733a313a2231223b726f6c7c733a31383a22537570657241646d696e6973747261646f72223b6e6f6d6272657c733a363a224361726c6f73223b6170656c6c69646f7c733a343a2252696f73223b63726561646f7c733a31393a22323031372d30372d30332031323a31303a3335223b6176617461727c733a393a2261646d696e2e6a7067223b6d656e73616a657c733a3138353a223c64697620636c6173733d22616c65727420616c6572742d7375636365737320616c6572742d6469736d69737361626c65223e3c627574746f6e20747970653d22627574746f6e2220636c6173733d22636c6f73652220646174612d6469736d6973733d22616c6572742220617269612d68696464656e3d2274727565223e2674696d65733b3c2f627574746f6e3e456c20726567697374726f206675652063726561646f20657869746f73616d656e74652e3c2f6469763e223b5f5f63695f766172737c613a313a7b733a373a226d656e73616a65223b733a333a226f6c64223b7d),
('i8nnc5l623grhs6ke4gvi8docfgl9q23', '10.0.3.72', 1501607783, 0x5f5f63695f6c6173745f726567656e65726174657c693a313530313630373435383b7065746963696f6e5f75726c7c733a34343a22687474703a2f2f7367692e7374692e636f6d2e76652f64617368626f6172642f636f6d70757461646f726173223b757365725f6c6f67696e7c623a313b7573756172696f5f69647c733a313a2236223b7573756172696f7c733a353a226372696f73223b726f6c5f69647c733a313a2231223b726f6c7c733a31383a22537570657241646d696e6973747261646f72223b6e6f6d6272657c733a363a224361726c6f73223b6170656c6c69646f7c733a343a2252696f73223b63726561646f7c733a31393a22323031372d30372d30332031323a31303a3335223b6176617461727c733a393a2261646d696e2e6a7067223b),
('ied9cdjvjqtro5v2dqps4r89nnnlm054', '10.0.6.107', 1501113129, 0x5f5f63695f6c6173745f726567656e65726174657c693a313530313131333132363b7065746963696f6e5f75726c7c733a32323a22687474703a2f2f7367692e7374692e636f6d2e76652f223b757365725f6c6f67696e7c623a313b7573756172696f5f69647c733a313a2231223b7573756172696f7c733a353a2261646d696e223b726f6c5f69647c733a313a2231223b726f6c7c733a31383a22537570657241646d696e6973747261646f72223b6e6f6d6272657c733a353a225375706572223b6170656c6c69646f7c733a31333a2241646d696e6973747261646f72223b63726561646f7c733a31393a22323031372d30362d30322031323a31303a3036223b6176617461727c733a31303a226176617461722e706e67223b),
('ihc0kt4mom05uimmv9occansqjdah8td', '10.0.3.72', 1501615339, 0x5f5f63695f6c6173745f726567656e65726174657c693a313530313631353132313b7065746963696f6e5f75726c7c733a34343a22687474703a2f2f7367692e7374692e636f6d2e76652f64617368626f6172642f636f6d70757461646f726173223b757365725f6c6f67696e7c623a313b7573756172696f5f69647c733a313a2236223b7573756172696f7c733a353a226372696f73223b726f6c5f69647c733a313a2231223b726f6c7c733a31383a22537570657241646d696e6973747261646f72223b6e6f6d6272657c733a363a224361726c6f73223b6170656c6c69646f7c733a343a2252696f73223b63726561646f7c733a31393a22323031372d30372d30332031323a31303a3335223b6176617461727c733a393a2261646d696e2e6a7067223b),
('iif2cs13i2oivq1olr6jsfkk04j64l18', '10.0.6.106', 1501203283, 0x5f5f63695f6c6173745f726567656e65726174657c693a313530313230333034333b7065746963696f6e5f75726c7c733a32323a22687474703a2f2f7367692e7374692e636f6d2e76652f223b757365725f6c6f67696e7c623a313b7573756172696f5f69647c733a313a2231223b7573756172696f7c733a353a2261646d696e223b726f6c5f69647c733a313a2231223b726f6c7c733a31383a22537570657241646d696e6973747261646f72223b6e6f6d6272657c733a353a225375706572223b6170656c6c69646f7c733a31333a2241646d696e6973747261646f72223b63726561646f7c733a31393a22323031372d30362d30322031323a31303a3036223b6176617461727c733a393a2261646d696e2e6a7067223b),
('irgds6r8hgi9vemdpmq0c7leb2bjlt35', '10.0.3.72', 1501620860, 0x5f5f63695f6c6173745f726567656e65726174657c693a313530313632303537323b7065746963696f6e5f75726c7c733a34343a22687474703a2f2f7367692e7374692e636f6d2e76652f64617368626f6172642f636f6d70757461646f726173223b757365725f6c6f67696e7c623a313b7573756172696f5f69647c733a313a2236223b7573756172696f7c733a353a226372696f73223b726f6c5f69647c733a313a2231223b726f6c7c733a31383a22537570657241646d696e6973747261646f72223b6e6f6d6272657c733a363a224361726c6f73223b6170656c6c69646f7c733a343a2252696f73223b63726561646f7c733a31393a22323031372d30372d30332031323a31303a3335223b6176617461727c733a393a2261646d696e2e6a7067223b),
('jmg5a6ptetlq20kv8lv72svnlthlq838', '10.0.6.106', 1501202094, 0x5f5f63695f6c6173745f726567656e65726174657c693a313530313230323039333b7065746963696f6e5f75726c7c733a32323a22687474703a2f2f7367692e7374692e636f6d2e76652f223b),
('kbbv93ielaec3gnac85q9co873h4ljhj', '10.0.3.71', 1501593452, 0x5f5f63695f6c6173745f726567656e65726174657c693a313530313539333137393b),
('kfpkeaf4tsfv5poabvk08kkfugf7pk21', '10.0.6.107', 1501116242, 0x5f5f63695f6c6173745f726567656e65726174657c693a313530313131363031373b757365725f6c6f67696e7c623a313b7573756172696f5f69647c733a313a2232223b7573756172696f7c733a393a226c76696c6c65676173223b726f6c5f69647c733a313a2232223b726f6c7c733a383a224f70657261646f72223b6e6f6d6272657c733a343a224c756973223b6170656c6c69646f7c733a383a2256696c6c65676173223b63726561646f7c733a31393a22323031372d30362d31342032323a31343a3436223b6176617461727c733a31323a226f70657261646f722e6a7067223b6d656e73616a657c733a3230383a223c64697620636c6173733d22616c65727420616c6572742d64616e67657220616c6572742d6469736d69737361626c65223e3c627574746f6e20747970653d22627574746f6e2220636c6173733d22636c6f73652220646174612d6469736d6973733d22616c6572742220617269612d68696464656e3d2274727565223e2674696d65733b3c2f627574746f6e3e3c7374726f6e673e4572726f72213c2f7374726f6e673e204e6f207469656e65207065726d69736f7320706172612065737461207365636369c3b36e3c2f6469763e223b5f5f63695f766172737c613a313a7b733a373a226d656e73616a65223b733a333a226f6c64223b7d),
('l9a8ebln342a4occ8ta07k6dpl78ugme', '10.0.3.72', 1501515231, 0x5f5f63695f6c6173745f726567656e65726174657c693a313530313531353132373b7065746963696f6e5f75726c7c733a32323a22687474703a2f2f7367692e7374692e636f6d2e76652f223b757365725f6c6f67696e7c623a313b7573756172696f5f69647c733a313a2236223b7573756172696f7c733a353a226372696f73223b726f6c5f69647c733a313a2231223b726f6c7c733a31383a22537570657241646d696e6973747261646f72223b6e6f6d6272657c733a363a224361726c6f73223b6170656c6c69646f7c733a343a2252696f73223b63726561646f7c733a31393a22323031372d30372d30332031323a31303a3335223b6176617461727c733a393a2261646d696e2e6a7067223b),
('mv3l58dde5rnnva2r4hgf94lmtmqepj9', '10.0.6.106', 1501202567, 0x5f5f63695f6c6173745f726567656e65726174657c693a313530313230323536363b7065746963696f6e5f75726c7c733a32323a22687474703a2f2f7367692e7374692e636f6d2e76652f223b757365725f6c6f67696e7c623a313b7573756172696f5f69647c733a313a2231223b7573756172696f7c733a353a2261646d696e223b726f6c5f69647c733a313a2231223b726f6c7c733a31383a22537570657241646d696e6973747261646f72223b6e6f6d6272657c733a353a225375706572223b6170656c6c69646f7c733a31333a2241646d696e6973747261646f72223b63726561646f7c733a31393a22323031372d30362d30322031323a31303a3036223b6176617461727c733a393a2261646d696e2e6a7067223b),
('n62lo8d8q7msams6324fdk2bng7ni5uk', '10.0.6.107', 1501103000, 0x5f5f63695f6c6173745f726567656e65726174657c693a313530313130323933363b757365725f6c6f67696e7c623a313b7573756172696f5f69647c733a313a2231223b7573756172696f7c733a353a2261646d696e223b726f6c5f69647c733a313a2231223b726f6c7c733a31383a22537570657241646d696e6973747261646f72223b6e6f6d6272657c733a353a225375706572223b6170656c6c69646f7c733a31333a2241646d696e6973747261646f72223b63726561646f7c733a31393a22323031372d30362d30322031323a31303a3036223b6176617461727c733a31303a226176617461722e706e67223b),
('n91nti2719ukgndruqhb1nlhfngb8rmh', '10.0.3.72', 1501618702, 0x5f5f63695f6c6173745f726567656e65726174657c693a313530313631383430323b7065746963696f6e5f75726c7c733a34343a22687474703a2f2f7367692e7374692e636f6d2e76652f64617368626f6172642f636f6d70757461646f726173223b757365725f6c6f67696e7c623a313b7573756172696f5f69647c733a313a2236223b7573756172696f7c733a353a226372696f73223b726f6c5f69647c733a313a2231223b726f6c7c733a31383a22537570657241646d696e6973747261646f72223b6e6f6d6272657c733a363a224361726c6f73223b6170656c6c69646f7c733a343a2252696f73223b63726561646f7c733a31393a22323031372d30372d30332031323a31303a3335223b6176617461727c733a393a2261646d696e2e6a7067223b6d656e73616a657c733a3138353a223c64697620636c6173733d22616c65727420616c6572742d7375636365737320616c6572742d6469736d69737361626c65223e3c627574746f6e20747970653d22627574746f6e2220636c6173733d22636c6f73652220646174612d6469736d6973733d22616c6572742220617269612d68696464656e3d2274727565223e2674696d65733b3c2f627574746f6e3e456c20726567697374726f206675652063726561646f20657869746f73616d656e74652e3c2f6469763e223b5f5f63695f766172737c613a313a7b733a373a226d656e73616a65223b733a333a226f6c64223b7d),
('naea7a43gdl02l7oa813gefgaas12lic', '10.0.3.72', 1501615782, 0x5f5f63695f6c6173745f726567656e65726174657c693a313530313631353433393b7065746963696f6e5f75726c7c733a34343a22687474703a2f2f7367692e7374692e636f6d2e76652f64617368626f6172642f636f6d70757461646f726173223b757365725f6c6f67696e7c623a313b7573756172696f5f69647c733a313a2236223b7573756172696f7c733a353a226372696f73223b726f6c5f69647c733a313a2231223b726f6c7c733a31383a22537570657241646d696e6973747261646f72223b6e6f6d6272657c733a363a224361726c6f73223b6170656c6c69646f7c733a343a2252696f73223b63726561646f7c733a31393a22323031372d30372d30332031323a31303a3335223b6176617461727c733a393a2261646d696e2e6a7067223b),
('nlc6qejjb1eddd6e4jecqj76ts94panj', '10.0.6.107', 1501109610, 0x5f5f63695f6c6173745f726567656e65726174657c693a313530313130393339333b757365725f6c6f67696e7c623a313b7573756172696f5f69647c733a323a223330223b7573756172696f7c733a31303a22726665726e616e64657a223b726f6c5f69647c733a313a2232223b726f6c7c733a383a224f70657261646f72223b6e6f6d6272657c733a363a2252696d736b79223b6170656c6c69646f7c733a31303a224665726ec3a16e64657a223b63726561646f7c733a31393a22323031372d30372d31322031363a30363a3231223b6176617461727c733a31323a226f70657261646f722e6a7067223b),
('o6uqfapludk41vga1gun14cda2duc1rk', '10.0.6.107', 1501106928, 0x5f5f63695f6c6173745f726567656e65726174657c693a313530313130363832373b757365725f6c6f67696e7c623a313b7573756172696f5f69647c733a323a223330223b7573756172696f7c733a31303a22726665726e616e64657a223b726f6c5f69647c733a313a2232223b726f6c7c733a383a224f70657261646f72223b6e6f6d6272657c733a363a2252696d736b79223b6170656c6c69646f7c733a31303a224665726ec3a16e64657a223b63726561646f7c733a31393a22323031372d30372d31322031363a30363a3231223b6176617461727c733a31323a226f70657261646f722e6a7067223b),
('o78bpmg1oj2a5lka68n83tvnijr24to5', '10.0.6.107', 1501116672, 0x5f5f63695f6c6173745f726567656e65726174657c693a313530313131363431323b757365725f6c6f67696e7c623a313b7573756172696f5f69647c733a313a2232223b7573756172696f7c733a393a226c76696c6c65676173223b726f6c5f69647c733a313a2232223b726f6c7c733a383a224f70657261646f72223b6e6f6d6272657c733a343a224c756973223b6170656c6c69646f7c733a383a2256696c6c65676173223b63726561646f7c733a31393a22323031372d30362d31342032323a31343a3436223b6176617461727c733a31323a226f70657261646f722e6a7067223b),
('ovvh1la41nbie74i2rjcagd80oj5d2a6', '10.0.3.72', 1501608192, 0x5f5f63695f6c6173745f726567656e65726174657c693a313530313630383139323b7065746963696f6e5f75726c7c733a34343a22687474703a2f2f7367692e7374692e636f6d2e76652f64617368626f6172642f636f6d70757461646f726173223b757365725f6c6f67696e7c623a313b7573756172696f5f69647c733a313a2236223b7573756172696f7c733a353a226372696f73223b726f6c5f69647c733a313a2231223b726f6c7c733a31383a22537570657241646d696e6973747261646f72223b6e6f6d6272657c733a363a224361726c6f73223b6170656c6c69646f7c733a343a2252696f73223b63726561646f7c733a31393a22323031372d30372d30332031323a31303a3335223b6176617461727c733a393a2261646d696e2e6a7067223b6d656e73616a657c733a3138353a223c64697620636c6173733d22616c65727420616c6572742d7375636365737320616c6572742d6469736d69737361626c65223e3c627574746f6e20747970653d22627574746f6e2220636c6173733d22636c6f73652220646174612d6469736d6973733d22616c6572742220617269612d68696464656e3d2274727565223e2674696d65733b3c2f627574746f6e3e456c20726567697374726f206675652063726561646f20657869746f73616d656e74652e3c2f6469763e223b5f5f63695f766172737c613a313a7b733a373a226d656e73616a65223b733a333a226f6c64223b7d),
('qcq16udlflr6doqnh3bsebonrieu1gj5', '10.0.3.72', 1501613614, 0x5f5f63695f6c6173745f726567656e65726174657c693a313530313631333430343b7065746963696f6e5f75726c7c733a34343a22687474703a2f2f7367692e7374692e636f6d2e76652f64617368626f6172642f636f6d70757461646f726173223b757365725f6c6f67696e7c623a313b7573756172696f5f69647c733a313a2236223b7573756172696f7c733a353a226372696f73223b726f6c5f69647c733a313a2231223b726f6c7c733a31383a22537570657241646d696e6973747261646f72223b6e6f6d6272657c733a363a224361726c6f73223b6170656c6c69646f7c733a343a2252696f73223b63726561646f7c733a31393a22323031372d30372d30332031323a31303a3335223b6176617461727c733a393a2261646d696e2e6a7067223b6d656e73616a657c733a3138353a223c64697620636c6173733d22616c65727420616c6572742d7375636365737320616c6572742d6469736d69737361626c65223e3c627574746f6e20747970653d22627574746f6e2220636c6173733d22636c6f73652220646174612d6469736d6973733d22616c6572742220617269612d68696464656e3d2274727565223e2674696d65733b3c2f627574746f6e3e456c20726567697374726f206675652063726561646f20657869746f73616d656e74652e3c2f6469763e223b5f5f63695f766172737c613a313a7b733a373a226d656e73616a65223b733a333a226f6c64223b7d),
('r0qh1k8kk7uredlsrq5qvcu6svjuulu1', '10.0.3.72', 1501680504, 0x5f5f63695f6c6173745f726567656e65726174657c693a313530313638303530313b7065746963696f6e5f75726c7c733a32323a22687474703a2f2f7367692e7374692e636f6d2e76652f223b757365725f6c6f67696e7c623a313b7573756172696f5f69647c733a313a2236223b7573756172696f7c733a353a226372696f73223b726f6c5f69647c733a313a2231223b726f6c7c733a31383a22537570657241646d696e6973747261646f72223b6e6f6d6272657c733a363a224361726c6f73223b6170656c6c69646f7c733a343a2252696f73223b63726561646f7c733a31393a22323031372d30372d30332031323a31303a3335223b6176617461727c733a393a2261646d696e2e6a7067223b),
('r8gmkgpmrf2dv4928ou921b0b3mqmuqf', '10.0.3.72', 1501618834, 0x5f5f63695f6c6173745f726567656e65726174657c693a313530313631383730333b7065746963696f6e5f75726c7c733a34343a22687474703a2f2f7367692e7374692e636f6d2e76652f64617368626f6172642f636f6d70757461646f726173223b757365725f6c6f67696e7c623a313b7573756172696f5f69647c733a313a2236223b7573756172696f7c733a353a226372696f73223b726f6c5f69647c733a313a2231223b726f6c7c733a31383a22537570657241646d696e6973747261646f72223b6e6f6d6272657c733a363a224361726c6f73223b6170656c6c69646f7c733a343a2252696f73223b63726561646f7c733a31393a22323031372d30372d30332031323a31303a3335223b6176617461727c733a393a2261646d696e2e6a7067223b),
('r93p6t5pnpl64tohdpaqua0ggf9cbvhd', '10.0.3.72', 1501620966, 0x5f5f63695f6c6173745f726567656e65726174657c693a313530313632303930343b7065746963696f6e5f75726c7c733a34343a22687474703a2f2f7367692e7374692e636f6d2e76652f64617368626f6172642f636f6d70757461646f726173223b757365725f6c6f67696e7c623a313b7573756172696f5f69647c733a313a2236223b7573756172696f7c733a353a226372696f73223b726f6c5f69647c733a313a2231223b726f6c7c733a31383a22537570657241646d696e6973747261646f72223b6e6f6d6272657c733a363a224361726c6f73223b6170656c6c69646f7c733a343a2252696f73223b63726561646f7c733a31393a22323031372d30372d30332031323a31303a3335223b6176617461727c733a393a2261646d696e2e6a7067223b6d656e73616a657c733a3138353a223c64697620636c6173733d22616c65727420616c6572742d7375636365737320616c6572742d6469736d69737361626c65223e3c627574746f6e20747970653d22627574746f6e2220636c6173733d22636c6f73652220646174612d6469736d6973733d22616c6572742220617269612d68696464656e3d2274727565223e2674696d65733b3c2f627574746f6e3e456c20726567697374726f206675652063726561646f20657869746f73616d656e74652e3c2f6469763e223b5f5f63695f766172737c613a313a7b733a373a226d656e73616a65223b733a333a226f6c64223b7d),
('s0qlr4035ukql2db53jlfvttjt4p77ss', '10.0.6.107', 1501115522, 0x5f5f63695f6c6173745f726567656e65726174657c693a313530313131353238353b757365725f6c6f67696e7c623a313b7573756172696f5f69647c733a323a223330223b7573756172696f7c733a31303a22726665726e616e64657a223b726f6c5f69647c733a313a2232223b726f6c7c733a383a224f70657261646f72223b6e6f6d6272657c733a363a2252696d736b79223b6170656c6c69646f7c733a31303a224665726ec3a16e64657a223b63726561646f7c733a31393a22323031372d30372d31322031363a30363a3231223b6176617461727c733a31323a226f70657261646f722e6a7067223b6d656e73616a657c733a3230383a223c64697620636c6173733d22616c65727420616c6572742d64616e67657220616c6572742d6469736d69737361626c65223e3c627574746f6e20747970653d22627574746f6e2220636c6173733d22636c6f73652220646174612d6469736d6973733d22616c6572742220617269612d68696464656e3d2274727565223e2674696d65733b3c2f627574746f6e3e3c7374726f6e673e4572726f72213c2f7374726f6e673e204e6f207469656e65207065726d69736f7320706172612065737461207365636369c3b36e3c2f6469763e223b5f5f63695f766172737c613a313a7b733a373a226d656e73616a65223b733a333a226f6c64223b7d),
('scqfptbtu8jrgvi6fcnnc6gr6akj4ahl', '10.0.3.72', 1501619487, 0x5f5f63695f6c6173745f726567656e65726174657c693a313530313631393438373b7065746963696f6e5f75726c7c733a34343a22687474703a2f2f7367692e7374692e636f6d2e76652f64617368626f6172642f636f6d70757461646f726173223b757365725f6c6f67696e7c623a313b7573756172696f5f69647c733a313a2236223b7573756172696f7c733a353a226372696f73223b726f6c5f69647c733a313a2231223b726f6c7c733a31383a22537570657241646d696e6973747261646f72223b6e6f6d6272657c733a363a224361726c6f73223b6170656c6c69646f7c733a343a2252696f73223b63726561646f7c733a31393a22323031372d30372d30332031323a31303a3335223b6176617461727c733a393a2261646d696e2e6a7067223b),
('tftdgajknm1q7cbbbusonfa8ru0js50c', '10.0.3.71', 1501617469, 0x5f5f63695f6c6173745f726567656e65726174657c693a313530313631373436333b7065746963696f6e5f75726c7c733a34343a22687474703a2f2f7367692e7374692e636f6d2e76652f64617368626f6172642f636f6d70757461646f726173223b757365725f6c6f67696e7c623a313b7573756172696f5f69647c733a313a2231223b7573756172696f7c733a353a2261646d696e223b726f6c5f69647c733a313a2231223b726f6c7c733a31383a22537570657241646d696e6973747261646f72223b6e6f6d6272657c733a353a225375706572223b6170656c6c69646f7c733a31333a2241646d696e6973747261646f72223b63726561646f7c733a31393a22323031372d30362d30322031323a31303a3036223b6176617461727c733a393a2261646d696e2e6a7067223b),
('trsr3uv6nbeb042c9073m8evmafs7vvf', '10.0.6.107', 1501103415, 0x5f5f63695f6c6173745f726567656e65726174657c693a313530313130333339353b757365725f6c6f67696e7c623a313b7573756172696f5f69647c733a323a223330223b7573756172696f7c733a31303a22726665726e616e64657a223b726f6c5f69647c733a313a2231223b726f6c7c733a31383a22537570657241646d696e6973747261646f72223b6e6f6d6272657c733a363a2252696d736b79223b6170656c6c69646f7c733a31303a224665726ec3a16e64657a223b63726561646f7c733a31393a22323031372d30372d31322031363a30363a3231223b6176617461727c733a393a2261646d696e2e6a7067223b),
('tuf6c9e48erou7gb5j4moqseca22l0ek', '10.0.3.72', 1501608135, 0x5f5f63695f6c6173745f726567656e65726174657c693a313530313630373838303b7065746963696f6e5f75726c7c733a34343a22687474703a2f2f7367692e7374692e636f6d2e76652f64617368626f6172642f636f6d70757461646f726173223b757365725f6c6f67696e7c623a313b7573756172696f5f69647c733a313a2236223b7573756172696f7c733a353a226372696f73223b726f6c5f69647c733a313a2231223b726f6c7c733a31383a22537570657241646d696e6973747261646f72223b6e6f6d6272657c733a363a224361726c6f73223b6170656c6c69646f7c733a343a2252696f73223b63726561646f7c733a31393a22323031372d30372d30332031323a31303a3335223b6176617461727c733a393a2261646d696e2e6a7067223b),
('ui2vb3ro452f53cb5hbbtboqrjbf5hv0', '10.0.6.107', 1501104604, 0x5f5f63695f6c6173745f726567656e65726174657c693a313530313130343539373b757365725f6c6f67696e7c623a313b7573756172696f5f69647c733a313a2231223b7573756172696f7c733a353a2261646d696e223b726f6c5f69647c733a313a2231223b726f6c7c733a31383a22537570657241646d696e6973747261646f72223b6e6f6d6272657c733a353a225375706572223b6170656c6c69646f7c733a31333a2241646d696e6973747261646f72223b63726561646f7c733a31393a22323031372d30362d30322031323a31303a3036223b6176617461727c733a31303a226176617461722e706e67223b),
('up8m9mgcafudb2re84r0hkaoiftnljjb', '10.0.3.71', 1501602798, 0x5f5f63695f6c6173745f726567656e65726174657c693a313530313630323738383b7065746963696f6e5f75726c7c733a32323a22687474703a2f2f7367692e7374692e636f6d2e76652f223b757365725f6c6f67696e7c623a313b7573756172696f5f69647c733a313a2231223b7573756172696f7c733a353a2261646d696e223b726f6c5f69647c733a313a2231223b726f6c7c733a31383a22537570657241646d696e6973747261646f72223b6e6f6d6272657c733a353a225375706572223b6170656c6c69646f7c733a31333a2241646d696e6973747261646f72223b63726561646f7c733a31393a22323031372d30362d30322031323a31303a3036223b6176617461727c733a393a2261646d696e2e6a7067223b),
('v80sr6jfc7i9fs8fa2fimh9e7gcg5vo6', '10.0.3.72', 1501615117, 0x5f5f63695f6c6173745f726567656e65726174657c693a313530313631343739323b7065746963696f6e5f75726c7c733a34343a22687474703a2f2f7367692e7374692e636f6d2e76652f64617368626f6172642f636f6d70757461646f726173223b757365725f6c6f67696e7c623a313b7573756172696f5f69647c733a313a2236223b7573756172696f7c733a353a226372696f73223b726f6c5f69647c733a313a2231223b726f6c7c733a31383a22537570657241646d696e6973747261646f72223b6e6f6d6272657c733a363a224361726c6f73223b6170656c6c69646f7c733a343a2252696f73223b63726561646f7c733a31393a22323031372d30372d30332031323a31303a3335223b6176617461727c733a393a2261646d696e2e6a7067223b),
('vbubl0oh4vj91jaa8jmappetl1ab8dt9', '10.0.3.72', 1501602678, 0x5f5f63695f6c6173745f726567656e65726174657c693a313530313630323637373b7065746963696f6e5f75726c7c733a34343a22687474703a2f2f7367692e7374692e636f6d2e76652f64617368626f6172642f636f6d70757461646f726173223b757365725f6c6f67696e7c623a313b7573756172696f5f69647c733a313a2236223b7573756172696f7c733a353a226372696f73223b726f6c5f69647c733a313a2231223b726f6c7c733a31383a22537570657241646d696e6973747261646f72223b6e6f6d6272657c733a363a224361726c6f73223b6170656c6c69646f7c733a343a2252696f73223b63726561646f7c733a31393a22323031372d30372d30332031323a31303a3335223b6176617461727c733a393a2261646d696e2e6a7067223b),
('vcconu5m1o06l0ci8ndqdr23bcefj5g7', '10.0.6.107', 1501113503, 0x5f5f63695f6c6173745f726567656e65726174657c693a313530313131333437333b7065746963696f6e5f75726c7c733a32323a22687474703a2f2f7367692e7374692e636f6d2e76652f223b757365725f6c6f67696e7c623a313b7573756172696f5f69647c733a313a2231223b7573756172696f7c733a353a2261646d696e223b726f6c5f69647c733a313a2231223b726f6c7c733a31383a22537570657241646d696e6973747261646f72223b6e6f6d6272657c733a353a225375706572223b6170656c6c69646f7c733a31333a2241646d696e6973747261646f72223b63726561646f7c733a31393a22323031372d30362d30322031323a31303a3036223b6176617461727c733a31303a226176617461722e706e67223b),
('vdv77tq7mkfqdv8rsvmrvnkc9ofnm55h', '10.0.6.107', 1501110844, 0x5f5f63695f6c6173745f726567656e65726174657c693a313530313131303536333b757365725f6c6f67696e7c623a313b7573756172696f5f69647c733a313a2231223b7573756172696f7c733a353a2261646d696e223b726f6c5f69647c733a313a2231223b726f6c7c733a31383a22537570657241646d696e6973747261646f72223b6e6f6d6272657c733a353a225375706572223b6170656c6c69646f7c733a31333a2241646d696e6973747261646f72223b63726561646f7c733a31393a22323031372d30362d30322031323a31303a3036223b6176617461727c733a31303a226176617461722e706e67223b);


--
-- Volcado de datos para la tabla `sistema_operativo`
--

INSERT INTO `sistema_operativo` (`id`, `descripcion`, `created_at`, `updated_at`, `created_by`, `updated_by`) VALUES
(1, 'Linux RedHat 6.0', '2017-06-21 22:28:51', '0000-00-00 00:00:00', 1, 0),
(2, 'Windows Server 2012 R2', '2017-06-21 22:29:02', '0000-00-00 00:00:00', 1, 0),
(3, 'Windows 10 ', '2017-06-21 22:29:08', '0000-00-00 00:00:00', 1, 0),
(4, 'Windows 8', '2017-07-06 19:57:22', '0000-00-00 00:00:00', 6, 0),
(5, 'Windows 8.1', '2017-07-06 19:57:34', '0000-00-00 00:00:00', 6, 0),
(6, 'Windows 7', '2017-07-06 19:57:47', '0000-00-00 00:00:00', 6, 0);


--
-- Volcado de datos para la tabla `solicitudes`
--

INSERT INTO `solicitudes` (`id`, `tsolicitud_id`, `usuario_id`, `descripcion`, `Esolicitud_id`, `created_at`, `updated_at`, `created_by`, `updated_by`) VALUES
(1, 1, 1, '<p>Test</p>', 0, '2017-07-26 20:28:35', '0000-00-00 00:00:00', 1, 0),
(2, 2, 1, '<p>Prueba 2</p>', 0, '2017-07-26 20:31:05', '0000-00-00 00:00:00', 1, 0),
(3, 1, 30, '<p>Disco Duro</p>', 0, '2017-07-26 20:31:51', '0000-00-00 00:00:00', 30, 0),
(4, 1, 30, '<p>4tgt4trt</p>', 0, '2017-07-26 20:32:04', '0000-00-00 00:00:00', 30, 0),
(5, 1, 2, '<p>otra prueba</p>', 0, '2017-07-26 20:56:28', '0000-00-00 00:00:00', 2, 0),
(6, 2, 2, '<p>una prueba mas</p>', 0, '2017-07-26 20:57:12', '0000-00-00 00:00:00', 2, 0),
(7, 2, 2, '<p>unam prueba mas</p>', 0, '2017-07-26 20:57:32', '0000-00-00 00:00:00', 2, 0),
(8, 1, 2, '<p>test</p>', 0, '2017-07-26 20:58:25', '0000-00-00 00:00:00', 2, 0),
(9, 1, 30, '<p>Test RF</p>', 0, '2017-07-26 21:11:34', '0000-00-00 00:00:00', 30, 0),
(10, 2, 30, '<p>4fd4df4fr</p>', 0, '2017-07-26 21:12:01', '0000-00-00 00:00:00', 30, 0),
(11, 2, 30, '<p>dsdsdsad</p>', 0, '2017-07-26 21:36:15', '0000-00-00 00:00:00', 30, 0),
(12, 1, 2, '<p>dssdsd</p>', 0, '2017-07-26 21:36:41', '0000-00-00 00:00:00', 2, 0),
(13, 1, 30, '<p>bbbbbbbbbbbbbbbbbbb</p>', 0, '2017-07-26 22:08:38', '0000-00-00 00:00:00', 30, 0);


--
-- Volcado de datos para la tabla `tcomputadora`
--

INSERT INTO `tcomputadora` (`id`, `descripcion`, `created_at`, `updated_at`, `created_by`, `updated_by`) VALUES
(1, 'Servidor', '2017-06-21 22:12:52', '0000-00-00 00:00:00', 1, 0),
(2, 'Laptop', '2017-06-21 22:13:02', '0000-00-00 00:00:00', 1, 0),
(3, 'Desktop', '2017-06-21 22:13:10', '0000-00-00 00:00:00', 1, 0);


--
-- Volcado de datos para la tabla `tperiferico`
--

INSERT INTO `tperiferico` (`id`, `descripcion`, `created_at`, `updated_at`, `created_by`, `updated_by`) VALUES
(1, 'Mouse', '2017-06-21 22:14:34', '0000-00-00 00:00:00', 1, 0),
(2, 'Teclado', '2017-06-21 22:14:42', '0000-00-00 00:00:00', 1, 0),
(3, 'Pendrive', '2017-06-21 22:14:49', '0000-00-00 00:00:00', 1, 0),
(4, 'Monitor', '2017-07-11 19:22:33', '0000-00-00 00:00:00', 1, 0),
(5, 'Disco duro externo', '2017-07-13 20:27:50', '0000-00-00 00:00:00', 6, 0),
(6, 'Lector externo', '2017-07-14 19:28:12', '0000-00-00 00:00:00', 6, 0);


--
-- Volcado de datos para la tabla `tred`
--

INSERT INTO `tred` (`id`, `descripcion`, `created_at`, `updated_at`, `created_by`, `updated_by`) VALUES
(1, 'Router', '2017-06-21 22:15:03', '0000-00-00 00:00:00', 1, 0),
(2, 'switch', '2017-06-21 22:15:16', '0000-00-00 00:00:00', 1, 0);


--
-- Volcado de datos para la tabla `tsolicitud`
--

INSERT INTO `tsolicitud` (`id`, `nombre`, `created_at`, `updated_at`, `created_by`, `updated_by`) VALUES
(1, 'Requerimiento', '2017-07-06 18:10:29', '0000-00-00 00:00:00', 0, 0),
(2, 'Incidencia', '2017-07-06 18:08:09', '0000-00-00 00:00:00', 0, 0);
